"At least one module selector is required. Pass it as an argument, e.g. ""Muon"".","At least one module selector is required. Pass it as an argument, e.g. ""Muon""."
"At least one --format is required. Available: %1.","At least one --format is required. Available: %1."
"Unknown format(s): %1. Available: %2.","Unknown format(s): %1. Available: %2."
"No REST routes are declared by: %1. Nothing to export.","No REST routes are declared by: %1. Nothing to export."
"At least one module selector is required.","At least one module selector is required."
"No enabled module matches: %1","No enabled module matches: %1"
"HTTP client file (.http)","HTTP client file (.http)"
"OpenAPI 3.1 schema","OpenAPI 3.1 schema"
"Postman collection (v2.1)","Postman collection (v2.1)"
"Swagger 2.0 schema","Swagger 2.0 schema"
"Renderer ""%1"" must implement RendererInterface.","Renderer ""%1"" must implement RendererInterface."
"Unknown output format ""%1"". Available: %2.","Unknown output format ""%1"". Available: %2."
